skeptycal/3d	3D!	public, fork	2013-09-18T13:19:57Z
skeptycal/AWS-CheatSheet	‚òÅÔ∏è The AWS Cheat Sheet ‚òÅÔ∏è	public, fork	2018-12-22T21:05:50Z
skeptycal/AlgorithmEngineering	implementation of some algorithms seen during the Algorithm Engineer course @ UniPi	public, fork	2018-02-20T16:55:23Z
skeptycal/Algorithms	This monthly meetup focuses on white boarding algorithms.	public, fork	2018-09-18T19:48:59Z
skeptycal/Algorithms-1	Collection of algorithms in multiple programming languages.	public, fork	2018-10-05T04:16:08Z
skeptycal/Algorithms-3	Various exercises i did as preperation for job interviews.	public, fork	2014-04-16T17:07:40Z
skeptycal/Algorithms-Explanation	All Algorithms explained in simple English Language with example and links to their implementation in various programming languages and other required resources.	public, fork	2018-10-04T14:30:36Z
skeptycal/Artificial-Intelligence-IAIN532C		public, fork	2018-10-15T17:38:21Z
skeptycal/Awesome-Hacking	A collection of various awesome lists for hackers, pentesters and security researchers	public, fork	2018-09-02T15:03:49Z
skeptycal/BracketHighlighter	Bracket and tag highlighter for Sublime Text http://facelessuser.github.io/BracketHighlighter/	public, fork	2019-01-25T14:31:02Z
skeptycal/Cake	A delicious, quality‚Äëof‚Äëlife supplement for your app‚Äëdevelopment toolbox.	public, fork	2019-06-04T13:20:00Z
skeptycal/Data-Mining	With data, you can build a kingdom.	public, fork	2018-09-21T10:46:11Z
skeptycal/Data-Visualization-College-Alumni-Salary	Data visualization project using college alumni salary data	public, fork	2017-11-07T11:35:34Z
skeptycal/DataMining		public, fork	2015-07-22T09:55:08Z
skeptycal/Data_Modelling_and_Computing	Materials for ETC1010, semester 2, 2018	public, fork	2018-10-23T21:43:10Z
skeptycal/Deep-Learning-Papers-Reading-Roadmap	Deep Learning papers reading roadmap for anyone who are eager to learn this amazing tech!	public, fork	2016-10-21T15:38:59Z
skeptycal/DeepLearning	Deep Learning (Python, C, C++, Java, Scala, Go)	public, fork	2017-12-04T06:01:51Z
skeptycal/FFmpeg	Mirror of git://source.ffmpeg.org/ffmpeg.git	public, fork	2019-01-11T16:15:17Z
skeptycal/Faker-php	The easiest way to generate fake data in PHP.	public, fork	2016-01-14T21:06:16Z
skeptycal/Fibonacci_designs	Laser your laptop with a design based on the Fibonacci spiral	public, fork	2015-07-17T21:43:23Z
skeptycal/FiraCode	Monospaced font with programming ligatures	public, fork	2018-12-17T03:23:15Z
skeptycal/Gender-diversity-film-industry	This project focuses on some key behind-the-camera roles in the film industry to measure the evolution of their gender diversity in the last decade, from 2007 until 2017.	public, fork	2018-07-04T16:22:42Z
skeptycal/Gender-diversity-series-industry	This project focuses on some key behind-the-camera roles in the Series Industry to measure the evolution of their gender diversity in the last decade. It also compares the Series Industry to the Film Industry.	public, fork	2018-08-03T12:28:31Z
skeptycal/GenerateMe	Processing scripts used to generative glitch / art / design	public, fork	2018-05-27T15:29:06Z
skeptycal/Google-Drive-for-Mac	A standalone macOS app for Google Docs, Sheets and Slides	public, fork	2018-10-19T10:33:04Z
skeptycal/InstaPy	üì∑ Instagram Bot - Tool for automated Instagram interactions	public, fork	2019-01-27T19:23:55Z
skeptycal/Instagram-API	Instagram's private API (need help getting to v1.6 on the PHP side)	public, fork	2022-03-12T00:42:38Z
skeptycal/Instagram-API-python	Unofficial instagram API, give you access to ALL instagram features (like, follow, upload photo and video and etc)! Write on python.	public, fork	2020-10-23T22:09:35Z
skeptycal/MS-DOS	The original sources of MS-DOS 1.25 and 2.0, for reference purposes	public, fork	2018-10-11T14:54:44Z
skeptycal/Macbook--Pro--Fan-Control	Fan Control adjusts the minimum fan speed depending on the current CPU/GPU temperature. For safety, it leaves the original automatic fan speed control intact.	public, fork	2009-12-10T13:03:37Z
skeptycal/PortScan		public, fork	2018-03-09T11:29:00Z
skeptycal/Probabilistic-Programming-and-Bayesian-Methods-for-Hackers	aka "Bayesian Methods for Hackers": An introduction to Bayesian methods + probabilistic programming with a computation/understanding-first, mathematics-second point of view. All in pure Python ;)	public, fork	2018-09-28T01:14:43Z
skeptycal/PyMySQL	Pure Python MySQL Client	public, fork	2018-11-04T03:48:08Z
skeptycal/Python-Web-Crawler	Simple web crawler written in python.	public, fork	2012-06-06T07:43:46Z
skeptycal/Python-for-Signal-Processing	Notebooks for "Python for Signal Processing" book	public, fork	2016-07-17T00:59:20Z
skeptycal/RPostgres	A DBI-compliant interface to PostgreSQL	public, fork	2018-10-04T10:27:47Z
skeptycal/RadeonProRender-Baikal		public, fork	2018-11-12T07:42:48Z
skeptycal/RadeonProRender-Tests		public, fork	2017-11-20T10:05:33Z
skeptycal/RadeonRays_SDK	Radeon Rays is ray intersection acceleration library for hardware and software multiplatforms using CPU and GPU	public, fork	2018-10-25T09:13:17Z
skeptycal/San-Francisco-Pro-Fonts	The entire collection of San Francisco Pro Fonts	public, fork	2018-04-01T01:46:12Z
skeptycal/Sort-Algorithm-Visualiser	A sort algorithm visualisation GUI, created using Java and the Swing framework.	public, fork	2018-10-08T17:36:05Z
skeptycal/SwiftPython	Experiments in bridging Swift to Python	public, fork	2018-02-04T17:04:14Z
skeptycal/SwiftTweaks	Tweak your iOS app without recompiling!	public, fork	2018-11-02T23:02:10Z
skeptycal/SwiftUI-Processing		public, fork	2019-06-24T02:57:09Z
skeptycal/TensorFlow-Examples	TensorFlow Tutorial and Examples for Beginners with Latest APIs	public, fork	2018-10-26T14:04:41Z
skeptycal/Tentacle	A Swift framework for the GitHub API	public, fork	2018-09-05T04:50:51Z
skeptycal/TextureSignalProcessing	Gradient-Domain Processing within a Texture Atlas	public, fork	2018-09-14T14:32:40Z
skeptycal/ToolsOfTheTrade	Tools of The Trade, from Hacker News.	public, fork	2018-10-26T01:16:27Z
skeptycal/TopDeepLearning	A list of popular github projects related to deep learning	public, fork	2018-09-22T21:56:34Z
skeptycal/Visualization	Visualization WG Developments	public, fork	2018-11-05T07:48:15Z
skeptycal/Visualizing-Deep-Learning	A series of blog posts on visualizing deep learning.	public, fork	2017-03-10T04:33:23Z
skeptycal/WoeUSB-1	WoeUSB is a simple tool that enable you to create your own usb stick windows installer from an iso image or a real DVD. It is a fork of Congelli501's WinUSB.	public, fork	2018-09-19T08:13:58Z
skeptycal/WoeUSB-ng	WoeUSB is a simple tool that enable you to create your own usb stick windows installer from an iso image or a real DVD.	public, fork	2018-09-15T07:45:56Z
skeptycal/Women-in-Data		public, fork	2017-12-01T08:59:22Z
skeptycal/audible-activator	Retrieves your activation data (activation_bytes) from Audible servers	public, fork	2015-11-28T18:01:40Z
skeptycal/audible-samples	Sample Audible files	public, fork	2015-09-07T13:37:40Z
skeptycal/audio-learning		public, fork	2022-02-11T06:08:27Z
skeptycal/audio-visualizer-db410c		public, fork	2018-08-08T08:08:09Z
skeptycal/audiofabric	a 3d music visualization	public, fork	2022-03-27T05:17:35Z
skeptycal/autotune	Automatically tunes apps and websites to improve outcomes	public, fork	2022-04-09T07:01:08Z
skeptycal/awesome	:sunglasses: Curated list of awesome lists	public, fork	2018-10-27T11:51:27Z
skeptycal/awesome-cheatsheets	üë©‚Äçüíªüë®‚Äçüíª Awesome cheatsheets for popular programming languages, frameworks and development tools. They include everything you should know in one single file.	public, fork	2019-01-30T19:57:42Z
skeptycal/awesome-command-line-apps	:shell: Use your terminal shell to do awesome things.	public, fork	2018-12-25T21:56:40Z
skeptycal/awesome-compilers	:sunglasses: Curated list of awesome resources on Compilers, Interpreters and Runtimes	public, fork	2019-01-21T21:18:24Z
skeptycal/awesome-data-engineering	A curated list of data engineering tools for software developers	public, fork	2018-10-12T15:22:07Z
skeptycal/awesome-deep-learning	A curated list of awesome Deep Learning tutorials, projects and communities.	public, fork	2018-10-25T12:57:27Z
skeptycal/awesome-deeplearning-resources	Deep Learning and deep reinforcement learning research papers and some codes	public, fork	2019-01-08T14:27:29Z
skeptycal/awesome-devops	A curated list of resources for Devops	public, fork	2018-10-07T18:28:37Z
skeptycal/awesome-django	A curated list of awesome Django apps and projects.	public, fork	2014-07-28T21:16:18Z
skeptycal/awesome-docker	:whale: A curated list of Docker resources and projects	public, fork	2022-02-13T17:54:54Z
skeptycal/awesome-dotfiles	A curated list of dotfiles resources.	public, fork	2018-10-23T22:48:09Z
skeptycal/awesome-for-beginners	A list of awesome beginners-friendly projects.	public, fork	2019-02-07T08:50:24Z
skeptycal/awesome-go	A curated list of awesome Go frameworks, libraries and software	public, fork	2019-01-11T14:45:37Z
skeptycal/awesome-graphql	Awesome list of GraphQL & Relay	public, fork	2018-10-27T11:17:12Z
skeptycal/awesome-htmlhint	üññ A list of awesome HTMLHint plugins, configs, etc.	public, fork	2018-10-03T15:57:50Z
skeptycal/awesome-interview-questions	:octocat: A curated awesome list of lists of interview questions. Feel free to contribute! :mortar_board:	public, fork	2019-01-20T11:50:03Z
skeptycal/awesome-ios	A curated list of awesome iOS ecosystem, including Objective-C and Swift Projects	public, fork	2018-11-12T14:18:32Z
skeptycal/awesome-job-boards		public, fork	2019-01-10T15:34:15Z
skeptycal/awesome-mac	Ô£ø Now we have become very big, Different from the original idea. Collect premium software in various categories.	public, fork	2022-01-15T02:38:29Z
skeptycal/awesome-machine-learning	A curated list of awesome Machine Learning frameworks, libraries and software.	public, fork	2018-11-01T05:14:35Z
skeptycal/awesome-macos-command-line	Use your macOS terminal shell to do awesome things.	public, fork	2018-12-06T15:20:35Z
skeptycal/awesome-network-automation	Curated Awesome list about Network Automation	public, fork	2018-01-14T17:14:28Z
skeptycal/awesome-nlp	:book: A curated list of resources dedicated to Natural Language Processing (NLP)	public, fork	2018-10-30T13:56:09Z
skeptycal/awesome-nuxt	A curated list of awesome things related to Nuxt.js	public, fork	2019-06-22T06:07:03Z
skeptycal/awesome-public-datasets	A topic-centric list of high-quality open datasets in public domains. New PR ‚òõ‚òõ‚òõ	public, fork	2018-10-29T09:45:46Z
skeptycal/awesome-python	A curated list of awesome Python frameworks, libraries, software and resources	public, fork	2019-01-08T20:09:29Z
skeptycal/awesome-remote-job	A curated list of awesome remote jobs and resources. Inspired by https://github.com/vinta/awesome-python	public, fork	2019-02-03T16:34:26Z
skeptycal/awesome-scalability	The Patterns Behind Scalable, Reliable, and Performant Large-Scale Systems	public, fork	2019-02-17T06:16:49Z
skeptycal/awesome-scientific-python	A curated list of awesome scientific Python resources	public, fork	2018-09-06T12:47:09Z
skeptycal/awesome-swift	A collaborative list of awesome Swift libraries and resources. Feel free to contribute!	public, fork	2022-04-09T07:01:13Z
skeptycal/awesome-sysadmin	A curated list of amazingly awesome open source sysadmin resources inspired by Awesome PHP.	public, fork	2019-01-28T21:44:56Z
skeptycal/awesome-visualization-research	A list of recommended research papers and other readings on data visualization	public, fork	2018-11-11T15:46:07Z
skeptycal/bash-redirections-cheat-sheet	Bash redirections cheat sheet	public, fork	2012-09-13T17:20:06Z
skeptycal/bashtime	A bash script to display an analog time in your command prompt on OS X	public, fork	2015-02-15T11:51:32Z
skeptycal/basic-games	An archive of the best games I wrote for Q-Basic over a 10 year span.	public, fork	2013-12-11T20:11:59Z
skeptycal/bayesian-belief-networks	Pythonic Bayesian Belief Network Package, supporting creation of and exact inference on Bayesian Belief Networks specified as pure python functions.	public, fork	2021-04-20T20:30:31Z
skeptycal/beautiful-visualisations	Talk at jsFoo Bangalore on 20 Oct 2012	public, fork	2013-10-02T12:58:36Z
skeptycal/beer-data-science	Various forays into the data science of beer.	public, fork	2018-06-04T10:07:21Z
skeptycal/bench-dot-product	Several variations of a dot product benchmark.	public, fork	2012-12-10T19:17:03Z
skeptycal/benchmarks2	Various benchmark tests	public, fork	2015-05-10T03:25:06Z
skeptycal/benchmarks_kt		public, fork	2013-04-04T17:57:57Z
skeptycal/better-future	Extra utilities for working with futures-rs	public, fork	2018-07-11T20:48:40Z
skeptycal/beziers.py	Python bezier manipulation library	public, fork	2019-01-25T11:38:58Z
skeptycal/bias		public, fork	2017-04-19T23:20:55Z
skeptycal/big-mac-data	Data and methodology for the Big Mac index	public, fork	2018-10-11T12:32:48Z
skeptycal/bigdata-fun	A complete (distributed) BigData stack, running in containers	public, fork	2017-03-22T11:58:15Z
skeptycal/binaryornot	Ultra-lightweight pure Python package to check if a file is binary or text.	public, fork	2017-08-21T01:40:40Z
skeptycal/bokeh	Interactive Web Plotting for Python	public, fork	2022-04-09T07:01:11Z
skeptycal/btree	BTree provides a simple, ordered, in-memory data structure for Go programs.	public, fork	2021-12-15T13:37:55Z
skeptycal/build-web-application-with-golang	A golang ebook intro how to build a web with golang	public, fork	2018-11-22T04:06:26Z
skeptycal/caprine	Elegant Facebook Messenger desktop app	public, fork	2022-03-25T19:10:49Z
skeptycal/chemicaljson	Development of the Chemical JSON data representation	public, fork	2019-03-07T20:48:40Z
skeptycal/chrome-extension-dev-template	A boilerplate/template/bootstrap of chrome extension development.	public, fork	2012-12-06T07:08:40Z
skeptycal/colour_analyser	Analysing colours (RGBC) with colour sensors and AVR.	public, fork	2018-12-16T15:26:23Z
skeptycal/compression	Data compression in TensorFlow	public, fork	2018-08-07T18:14:30Z
skeptycal/curl	A command line tool and library for transferring data with URL syntax, supporting HTTP, HTTPS, FTP, FTPS, GOPHER, TFTP, SCP, SFTP, SMB, TELNET, DICT, LDAP, LDAPS, FILE, IMAP, SMTP, POP3, RTSP and RTMP. libcurl offers a myriad of powerful features	public, fork	2018-10-11T14:58:12Z
skeptycal/d3-collection	Handy data structures for elements keyed by string.	public, fork	2022-02-13T17:54:36Z
skeptycal/d3-geo-polygon	Clipping and geometric operations for spherical polygons.	public, fork	2022-02-13T17:54:41Z
skeptycal/d3-network-visualization		public, fork	2015-03-01T02:31:29Z
skeptycal/d3-process-map	Web application to illustrate the relationships between objects in a process using d3.js.	public, fork	2017-06-29T09:15:37Z
skeptycal/d3_geographic_tutorial		public, fork	2018-04-19T06:14:16Z
skeptycal/d3_tutorial	A tutorial intended to teach basic D3.js skills to the New College of Florida Data Science Program	public, fork	2018-04-12T01:56:55Z
skeptycal/data	Open Data Sources	public, fork	2018-05-08T15:39:42Z
skeptycal/data-atom	Query and manage data sources from Atom	public, fork	2020-10-23T22:12:50Z
skeptycal/data-prototyping-talk	Data Prototyping with Python (Slides & Resources from talk)	public, fork	2014-09-10T21:29:12Z
skeptycal/data-pyrotechnics	Road trip, fireworks, LightBlue Bean data logging.	public, fork	2016-08-29T21:30:47Z
skeptycal/data-science-ipython-notebooks	Data science Python notebooks: Deep learning (TensorFlow, Theano, Caffe, Keras), scikit-learn, Kaggle, big data (Spark, Hadoop MapReduce, HDFS), matplotlib, pandas, NumPy, SciPy, Python essentials, AWS, and various command lines.	public, fork	2018-09-14T21:32:57Z
skeptycal/data-scientist-roadmap	Toturial coming with "data science roadmap" graphe.	public, fork	2018-12-21T05:31:49Z
skeptycal/data-visuals-guides	A collection of guides for the Texas Tribune Data Visuals team.	public, fork	2018-07-18T21:55:54Z
skeptycal/data.table	R's data.table package extends data.frame:	public, fork	2018-10-25T20:04:46Z
skeptycal/data_analysis	Sandbox Space for Data Analysis Side Projects	public, fork	2018-03-15T22:46:36Z
skeptycal/data_mining	Data Mining Lecture Assignments	public, fork	2016-12-22T16:29:01Z
skeptycal/dataviz	A book covering the fundamentals of data visualization.	public, fork	2018-10-12T12:01:51Z
skeptycal/datawrapper	An open source data visualization platform helping everyone to create simple, correct and embeddable charts in minutes.	public, fork	2022-03-30T01:33:54Z
skeptycal/deep-histopath	A deep learning approach to predicting breast tumor proliferation scores for the TUPAC16 challenge	public, fork	2018-06-06T06:31:02Z
skeptycal/deepchem	Democratizing Deep-Learning for Drug Discovery, Quantum Chemistry, Materials Science and Biology	public, fork	2018-11-18T20:59:19Z
skeptycal/deepquor	quoridor AI	public, fork	2017-06-16T17:19:55Z
skeptycal/design-patterns-for-humans	An ultra-simplified explanation to design patterns	public, fork	2018-10-13T16:07:57Z
skeptycal/dev-setup	macOS development environment setup: Easy-to-understand instructions with automated setup scripts for developer tools like Vim, Sublime Text, Bash, iTerm, Python data analysis, Spark, Hadoop MapReduce, AWS, Heroku, JavaScript web development, Android development, common data stores, and dev-based OS X defaults.	public, fork	2018-06-30T21:32:46Z
skeptycal/dev-workstation		public, fork	2018-06-18T06:20:18Z
skeptycal/devtools	Tools to make an R developer's life easier	public, fork	2018-10-24T18:29:35Z
skeptycal/dicom	‚ö°High Performance DICOM Medical Image Parser in Go.	public, fork	2021-12-17T19:27:10Z
skeptycal/django	The Web framework for perfectionists with deadlines.	public, fork	2019-09-15T16:28:00Z
skeptycal/docker	Chef Cookbook for Docker	public, fork	2018-10-10T19:11:07Z
skeptycal/dopamine	Dopamine is a research framework for fast prototyping of reinforcement learning algorithms.	public, fork	2018-11-02T19:08:22Z
skeptycal/euler.go		public, fork	2016-11-01T05:35:14Z
skeptycal/every-programmer-should-know	A collection of (mostly) technical things every software developer should know	public, fork	2019-02-18T05:58:49Z
skeptycal/fastimage_resize	FastImage Resize is an extremely light solution for resizing images in ruby by using libgd	public, fork	2018-10-11T18:42:06Z
skeptycal/flask	The Python micro framework for building web applications.	public, fork	2019-01-25T13:56:55Z
skeptycal/forest	a webgl forest	public, fork	2016-11-24T23:52:13Z
skeptycal/fourier-visualisation		public, fork	2016-05-21T21:02:31Z
skeptycal/geoplotlib	python toolbox for visualizing geographical data and making maps	public, fork	2018-11-27T19:34:21Z
skeptycal/gio	Mirror of the Gio main repository (https://git.sr.ht/~eliasnaur/gio)	public, fork	2022-04-14T07:33:55Z
skeptycal/git	Git Source Code Mirror - This is a publish-only repository and all pull requests are ignored. Please follow Documentation/SubmittingPatches procedure for any of your improvements.	public, fork	2019-03-31T12:46:03Z
skeptycal/github-dashboard	[Chrome extension] Filter events on github.com activity dashboard.	public, fork	2018-11-07T16:12:49Z
skeptycal/github-markdown-toc.go	Easy TOC creation for GitHub README.md (in go)	public, fork	2018-11-14T15:54:22Z
skeptycal/github-vscode-theme	GitHub's VS Code theme	public, fork	2022-03-28T05:58:12Z
skeptycal/github-vue-nuxt	Utilize Vue.js, Nuxt, Vuetify and the GitHub API in this test project	public, fork	2022-02-13T17:54:57Z
skeptycal/github3.py	Hi, I'm a library for interacting with GItHub's REST API in a convenient and ergonomic way. I work on Python 2.7, 3.4, 3.5, 3.6, and 3.7 (and maybe 3.8?)	public, fork	2019-01-24T13:02:02Z
skeptycal/github_cli	CLI-based access to GitHub API v3	public, fork	2017-09-27T22:58:19Z
skeptycal/github_feed	Visually simple yet powerful github feed app.	public, fork	2019-06-09T23:23:25Z
skeptycal/gitignore	A collection of useful .gitignore templates	public, fork	2018-11-08T13:34:29Z
skeptycal/go	The Open Source Data Science Masters	public, fork	2018-09-21T17:01:02Z
skeptycal/go-best-practices	Codeship Golang Best Practices	public, fork	2021-05-11T20:39:29Z
skeptycal/go-container	A container written 100% in Go.	public, fork	2017-01-24T17:56:44Z
skeptycal/go-github	Go library for accessing the GitHub API	public, fork	2019-02-09T00:05:25Z
skeptycal/go-init	An initial structure for building Go web apps.	public, fork	2017-02-17T14:08:42Z
skeptycal/go-mathextra	Extra math functions for Go	public, fork	2015-11-22T10:25:24Z
skeptycal/go-version	A Go (golang) library for parsing and verifying versions and version constraints.	public, fork	2022-03-27T16:11:52Z
skeptycal/google-music-sync	A simple Python script to sync your local MP3 library to Google Play Music	public, fork	2015-04-09T07:13:46Z
skeptycal/google_socks	A proof of concept demonstrating the use of Google Drive for command and control.	public, fork	2018-07-19T19:54:07Z
skeptycal/googledrive	Google Drive R API	public, fork	2018-10-06T17:26:19Z
skeptycal/googlesheets	Google Spreadsheets R API	public, fork	2018-06-29T17:30:23Z
skeptycal/htmldoom	An intuitive, high performance HTML rendering framework	public, fork	2019-09-14T09:08:03Z
skeptycal/http-parser	http request/response parser for c	public, fork	2018-10-29T17:33:37Z
skeptycal/instabot.py	Instagram bot. It works without instagram api, need only login and password. Write on python.	public, fork	2018-11-22T11:29:20Z
skeptycal/iodide	Literate scientific computing and communication for the web	public, fork	2022-02-13T17:55:07Z
skeptycal/jsonparse	A streaming JSON parser written in pure JavaScript for node.js	public, fork	2017-05-09T19:59:21Z
skeptycal/jsonparser	Alternative JSON parser for Go that does not require schema (so far fastest)	public, fork	2018-11-15T19:39:47Z
skeptycal/linear-algebra	Some functions to do computations when using linear algebra	public, fork	2018-09-09T15:34:11Z
skeptycal/littlelisp	A small Lisp interpreter in JavaScript	public, fork	2018-01-09T13:33:22Z
skeptycal/liveocr	Provides an overlay on the computer screen which performs real-time OCR	public, fork	2012-02-10T04:07:50Z
skeptycal/loguru	Python logging made (stupidly) simple	public, fork	2020-08-07T20:28:42Z
skeptycal/mathematics-of-deep-learning	The Mathematics of Deep Learning, SIPB IAP 2018	public, fork	2018-01-18T22:01:11Z
skeptycal/maximum-awesome	Config files for vim and tmux.	public, fork	2019-04-19T03:44:00Z
skeptycal/maya	Datetimes for Humans‚Ñ¢	public, fork	2018-10-18T09:31:59Z
skeptycal/media-bias	Measures public sentiment on Twitter towards politicians	public, fork	2021-06-10T23:12:19Z
skeptycal/medium-unlimited	A chrome extension to unlock articles behind medium.com paywall. Try in Chrome Webstore -	public, fork	2022-02-13T17:54:51Z
skeptycal/micropython	MicroPython - a lean and efficient Python implementation for microcontrollers and constrained systems	public, fork	2018-11-04T03:33:35Z
skeptycal/mit-deep-learning	Tutorials, assignments, and competitions for MIT Deep Learning related courses.	public, fork	2019-01-15T04:20:08Z
skeptycal/mit-license	Hosted MIT License with details controlled through this repo	public, fork	2019-01-29T21:51:07Z
skeptycal/models	Models and examples built with TensorFlow	public, fork	2021-03-31T22:15:47Z
skeptycal/myers-visualization	Visualizing Myers diff	public, fork	2016-01-03T02:19:07Z
skeptycal/network-analysis	Social network analysis assignments	public, fork	2018-01-11T15:46:24Z
skeptycal/network-utils-container	Docker container with some network utilities	public, fork	2016-11-11T12:52:57Z
skeptycal/network-visualisation	A python application for visualising a 2-layer full connected network	public, fork	2018-10-28T15:23:46Z
skeptycal/neural-networks	Artificial Neural Networks / Python	public, fork	2018-10-01T17:24:49Z
skeptycal/night-owl-vscode-theme	üååNIGHT OWL: A VS Code dark theme for contrast for nighttime coding	public, fork	2019-03-01T20:09:14Z
skeptycal/node-record-lpcm16	:microphone: Records a 16-bit signed-integer linear pulse modulation code encoded audio file.	public, fork	2017-06-07T06:51:21Z
skeptycal/nsfw	A super fast and scaleable file watcher that provides a consistent interface on Linux, OSX and Windows	public, fork	2021-09-02T14:16:06Z
skeptycal/numbersoflife	Numbers of Life	public, fork	2022-04-12T08:13:32Z
skeptycal/nuxt.js	The Vue.js Framework	public, fork	2022-03-27T05:18:09Z
skeptycal/nuxt_docs	Documentation of Nuxt.js	public, fork	2019-07-15T11:25:31Z
skeptycal/nytimesbrowse	New York Times Best-Sellers - Single-Page Book browsing	public, fork	2018-05-01T00:34:00Z
skeptycal/ocaml	The core OCaml system: compilers, runtime system, base libraries	public, fork	2018-11-23T16:06:07Z
skeptycal/opencensus-go	A stats collection and distributed tracing framework	public, fork	2018-12-14T21:42:27Z
skeptycal/opencensus-python	A stats collection and distributed tracing framework	public, fork	2021-06-10T23:12:24Z
skeptycal/opencv	Open Source Computer Vision Library	public, fork	2020-10-23T20:58:17Z
skeptycal/opensource.guide	Community guides for open source creators	public, fork	2021-07-13T14:08:18Z
skeptycal/optimization	A collection of the Optimization Algorithms.	public, fork	2018-05-20T11:54:33Z
skeptycal/orderedmap	üîÉ An ordered map in Go with amortized O(1) for Set, Get, Delete and Len.	public, fork	2022-02-05T14:18:50Z
skeptycal/pandas	Flexible and powerful data analysis / manipulation library for Python, providing labeled data structures similar to R data.frame objects, statistical functions, and much more	public, fork	2018-11-21T13:46:04Z
skeptycal/papers	notes on ML/CS/etc articles	public, fork	2018-06-12T02:49:32Z
skeptycal/particles.js	A lightweight JavaScript library for creating particles	public, fork	2018-10-26T07:18:03Z
skeptycal/pascal-compiler	Repository for a pascal compiler built using Python	public, fork	2014-12-17T17:04:57Z
skeptycal/pascal-in-python	Pascal compiler implemented in python using Lex, Yacc and LLVM	public, fork	2012-05-16T10:31:33Z
skeptycal/pdftools	small collection of python scripts for pdf manipulation	public, fork	2018-10-28T15:57:40Z
skeptycal/personal-site	A small VUE.js portfolio site ... work in progress	public, fork	2022-01-15T06:45:35Z
skeptycal/personal_website_with_github	You can have a simple personal website based on your github api	public, fork	2018-09-28T18:45:48Z
skeptycal/phd-thesis	PhD Thesis	public, fork	2014-09-12T08:50:36Z
skeptycal/phdthesis	Source files for my thesis	public, fork	2015-09-06T00:27:30Z
skeptycal/plotly	An interactive graphing library for R	public, fork	2018-10-18T15:35:00Z
skeptycal/prime_numbers_generator	Eratosthenes Sieve based prime numbers generator written in Swift.	public, fork	2018-04-12T21:33:25Z
skeptycal/pull-request-filter-chrome-extension		public, fork	2022-02-11T06:07:56Z
skeptycal/pusher-python-realtime-dashboard	Build a realtime dashboard using Python and Pusher channels	public, fork	2018-06-30T06:16:30Z
skeptycal/pyEarth	:globe_with_meridians: A lightweight 3D visualization of the earth in 150 lines of Qt/OpenGL	public, fork	2018-03-12T06:52:55Z
skeptycal/pycurl	PycURL - Python interface to libcurl	public, fork	2021-04-07T21:35:26Z
skeptycal/pycurl-wrapper	Simplified wrapper for python-pycurl	public, fork	2017-08-15T09:05:48Z
skeptycal/pydata-cookbook	PyData Cookbook Project	public, fork	2018-04-28T04:10:41Z
skeptycal/pytest-plugins	A grab-bag of nifty pytest plugins	public, fork	2018-12-12T14:43:46Z
skeptycal/python-instagram	Python Client for Instagram API	public, fork	2021-04-07T21:36:37Z
skeptycal/python-visualization-landscape	Adaptation of Jake VanderPlas graphic about python visualization landscape	public, fork	2017-06-19T11:20:01Z
skeptycal/python_hurricane_gis_map	Example to create a GIS interactive map	public, fork	2017-09-21T11:34:48Z
skeptycal/python_snippets	Useful Python Snippets	public, fork	2017-09-13T12:41:04Z
skeptycal/pythonbenchmark	A simple Python Benchmark Library	public, fork	2017-04-17T04:57:35Z
skeptycal/random-walk	Re-run, Repeat, Reproduce, Replicate, Re-use	public, fork	2017-12-21T13:32:52Z
skeptycal/ray-tracer	A simple ray tracing engine	public, fork	2019-04-09T14:11:33Z
skeptycal/readthedocs.org	The source code that powers readthedocs.org	public, fork	2022-01-06T22:47:19Z
skeptycal/regexr	RegExr is a HTML/JS based tool for creating, testing, and learning about Regular Expressions.	public, fork	2018-11-02T18:59:22Z
skeptycal/remote-jobs	A list of semi to fully remote-friendly companies in tech.	public, fork	2022-02-13T18:31:15Z
skeptycal/remote-resources	Resources for working remote	public, fork	2016-07-04T23:08:33Z
skeptycal/selenium-python	Selenium Python Bindings Documentation	public, fork	2018-11-07T11:48:46Z
skeptycal/shiny	Easy interactive web applications with R	public, fork	2018-11-06T15:31:17Z
skeptycal/shopify-scraper	Simple scraper to extract all products from shopify sites	public, fork	2018-04-14T15:41:42Z
skeptycal/sleepless_mac	Status bar app that prevents your mac from sleeping.	public, fork	2019-08-17T16:01:26Z
skeptycal/snowflake	Snowflake Generator	public, fork	2018-02-13T04:34:19Z
skeptycal/sorting-visualiser	Visualises sorting algorithms.	public, fork	2017-02-27T01:13:04Z
skeptycal/spaceship-prompt	:rocket::star: A Zsh prompt for Astronauts	public, fork	2018-12-14T13:11:35Z
skeptycal/speech_recognition	Speech recognition module for Python, supporting several engines and APIs, online and offline.	public, fork	2018-12-20T09:54:59Z
skeptycal/speechsynth	Speech synthesis service in nodejs that proxies and caches Google Translate results	public, fork	2020-10-23T21:55:51Z
skeptycal/speed.python.org		public, fork	2016-09-07T20:52:25Z
skeptycal/speedup-builds	Some ideas on how to speed up builds / tests with Jenkins partitioning example	public, fork	2020-10-23T20:59:28Z
skeptycal/stanford-cs-229-machine-learning	VIP cheatsheets for Stanford's CS 229 Machine Learning	public, fork	2019-02-17T00:09:11Z
skeptycal/stanford-cs-230-deep-learning	VIP cheatsheets for Stanford's CS 230 Deep Learning	public, fork	2019-02-18T00:40:39Z
skeptycal/super-markdown	The core markdown processor for dev.to	public, fork	2016-12-10T17:28:37Z
skeptycal/svm_classifier	ISOE532C Lab Project	public, fork	2018-10-28T07:37:05Z
skeptycal/swift	Swift for TensorFlow project home page	public, fork	2019-02-13T07:41:19Z
skeptycal/tenfourfox	Mozilla for Power Macintosh.	public, fork	2020-10-23T21:57:46Z
skeptycal/tensorflow	An Open Source Machine Learning Framework for Everyone	public, fork	2022-04-12T21:59:43Z
skeptycal/thank-you-github	An open letter of gratitude to GitHub	public, fork	2018-10-30T19:18:34Z
skeptycal/thanks	Finding ways to fund the packages you use.	public, fork	2018-08-25T05:41:49Z
skeptycal/thats-not-science	üìΩs from "That's not [data] science!"	public, fork	2018-09-04T09:48:36Z
skeptycal/the-art-of-command-line	Master the command line, in one page	public, fork	2018-10-19T16:35:02Z
skeptycal/the-book-of-secret-knowledge	:no_entry: A collection of awesome lists, manuals, blogs, hacks, one-liners, cli/web tools and more. Especially for System and Network Administrators, DevOps, Pentesters or Security Researchers.	public, fork	2019-02-08T19:38:10Z
skeptycal/the-graph	SVG custom elements for FBP graph editing and visualization. Used in noflo/noflo-ui	public, fork	2018-10-25T09:08:35Z
skeptycal/the-holy-grail-of-algorithms	Algorithms Analysis + Code in Python	public, fork	2018-11-14T05:02:40Z
skeptycal/three.js	JavaScript 3D library.	public, fork	2014-06-26T00:25:57Z
skeptycal/todolistapp	simple to-do list application, integrating devise, acts_as_api, and rails-spec	public, fork	2020-11-02T15:56:13Z
skeptycal/tweepy	Twitter for Python!	public, fork	2018-12-26T21:10:03Z
skeptycal/tweet-freq	A simple tweet frequency counter, in Clojure.	public, fork	2012-10-04T04:57:23Z
skeptycal/twitter-bot		public, fork	2018-10-29T13:32:55Z
skeptycal/twitter-scraper	Scrape the Twitter Frontend API without authentication.	public, fork	2021-12-13T20:46:14Z
skeptycal/twitter-userstyle	Bring the aesthetic of Twitter for iOS to the new Twitter.com.	public, fork	2015-07-31T16:39:05Z
skeptycal/twitter-utils	Collection of twitter utilities	public, fork	2020-05-24T07:06:24Z
skeptycal/twitter_api_example	Simple example for using twitter api in a node js app	public, fork	2017-02-14T12:39:31Z
skeptycal/twitterbots	A twitterbot workshop using Tracery and CheapBotsDoneQuick	public, fork	2018-05-14T15:28:01Z
skeptycal/two.js	A renderer agnostic two-dimensional drawing api for the web.	public, fork	2019-03-13T10:01:37Z
skeptycal/ubuntu-tweaks	Just automating some tweaks that I have to make everytime that I install Ubuntu	public, fork	2016-05-04T18:35:34Z
skeptycal/uefi-ntfs	UEFI:NTFS - Boot NTFS partitions from UEFI	public, fork	2018-10-12T15:13:14Z
skeptycal/uefi-simple	A simple 64bit UEFI application of Hello World! without using any UEFI toolkit.	public, fork	2018-10-12T15:15:48Z
skeptycal/ukpolice	:uk: :police_car: R package to pull police data from the uk police data repository :police_car: :uk:	public, fork	2018-06-08T01:56:29Z
skeptycal/underrated_ds_skills	An analysis of Twitter responses to the question "What is the most underrated skill for a new data scientist?"	public, fork	2018-02-04T16:19:57Z
skeptycal/unetbootin	UNetbootin installs Linux/BSD distributions to a partition or USB drive	public, fork	2022-01-15T06:47:57Z
skeptycal/unicode-in-python	slides for Unicode In Python, Completely Demystified (PyCon 2008)	public, fork	2017-09-19T01:20:20Z
skeptycal/unicode-properties	Provides fast access to unicode character properties	public, fork	2018-09-10T20:28:36Z
skeptycal/unix-tricks		public, fork	2014-07-03T07:51:09Z
skeptycal/unpaywall	Firefox/Chrome extension that gives you a link to a free PDF when you view scholarly articles	public, fork	2021-03-20T04:46:41Z
skeptycal/urlquote	Fast url quoting / unquoting for Python	public, fork	2018-10-26T11:14:27Z
skeptycal/useful-python-scripts	some useful python scripts used in ctf	public, fork	2019-02-09T01:08:43Z
skeptycal/using-tensorflow-with-r	using tensorflow with r	public, fork	2018-11-04T17:43:30Z
skeptycal/v8	The official mirror of the V8 Git repository	public, fork	2018-10-09T20:02:41Z
skeptycal/visualize	Procedural generation experiments.	public, fork	2016-07-27T04:22:37Z
skeptycal/volunteer-opportunities	opportunities for volunteers to assist NumFOCUS	public, fork	2017-03-30T20:11:14Z
skeptycal/vsc-material-theme	Material Theme, the most epic theme for Visual Studio Code	public, fork	2022-02-27T08:38:33Z
skeptycal/vscode-live-server	Launch a development local Server with live reload feature for static & dynamic pages.	public, fork	2022-02-19T05:19:11Z
skeptycal/vscode-markdownlint	Markdown linting and style checking for Visual Studio Code	public, fork	2020-10-23T22:56:25Z
skeptycal/vscode-python	Python extension for Visual Studio Code	public, fork	2021-03-12T14:10:35Z
skeptycal/vscode-sort-lines	Visual Studio Code extension to sort lines of text	public, fork	2021-08-12T22:33:59Z
skeptycal/vscode-theme-generator	Easily generate themes for VS Code with only a few colors	public, fork	2018-11-29T19:26:25Z
skeptycal/vscode-theme-generator-quick-start	Get started quickly building a theme with vscode-theme-generator	public, fork	2019-03-24T01:37:47Z
skeptycal/watcher	A daemon that exposes various system related information efficiently over a local socket	public, fork	2018-01-02T05:35:40Z
skeptycal/watchman	Watches files and records, or triggers actions, when they change.	public, fork	2022-04-12T08:13:32Z
skeptycal/web-audio-recognition		public, fork	2018-08-01T13:19:48Z
skeptycal/web-build-make-template	a simple web build template with es6 and sass, using make	public, fork	2017-07-25T07:31:48Z
skeptycal/web-dev-for-data-scientists		public, fork	2021-03-20T04:46:44Z
skeptycal/web-scraping-for-journos	Began as duplicate of IRE17 Python 2 repo, potentially for use as template.	public, fork	2018-03-10T14:31:41Z
skeptycal/web_crawler	Web Scraping, Automate Facebook Login And Status Updates, Random Crawlers	public, fork	2016-05-19T03:54:27Z
skeptycal/webgems	A curated list of resources for devs and designers. Join me on devcord.com if you are up for a chit chat :)	public, fork	2021-04-03T15:08:27Z
skeptycal/wifi-lamp	A LED Wifi-enabled Lamp using ESP8266 and LPD8806	public, fork	2015-09-20T03:57:51Z
skeptycal/woeusb		public, fork	2018-09-08T17:40:30Z
skeptycal/women-in-programming-languages-research	Women in Programming Languages and Software Engineering Research	public, fork	2018-10-16T23:49:58Z
skeptycal/women-in-software-eng	Crowdsourced repository of women in software engineering stats.	public, fork	2018-11-23T16:53:53Z
skeptycal/world-atlas	Pre-built TopoJSON from Natural Earth.	public, fork	2018-09-26T13:16:05Z
skeptycal/xlsx	An R package to interact with Excel files using the Apache POI java library	public, fork	2021-01-14T20:45:02Z
skeptycal/youtube	Code from the Engineer Man YouTube channel	public, fork	2019-05-12T05:53:29Z
skeptycal/youtube-dl-playlist	Download videos from Youtube by playlist.	public, fork	2015-10-27T19:20:36Z
skeptycal/youtube-mp3-downloader	Downloads list of youtube urls as mp3	public, fork	2018-04-14T13:04:56Z
skeptycal/zen-of-programming		public, fork	2018-10-31T18:13:30Z
skeptycal/zero-to-quake-3	Implementing Quake 3 in Haskell & Vulkan	public, fork	2018-09-30T20:07:02Z
